{
    "prc": [
        {
            "precision": 0.35064935064935066,
            "recall": 1.0,
            "threshold": 0.0
        },
        {
            "precision": 0.6363636363636364,
            "recall": 0.6481481481481481,
            "threshold": 1.0
        }
    ]
}